{
  "environment": "PandaBuildL-v3",
  "seed": 7,
  "is_success": false,
  "object_positions": [
    [
      -0.08243784308433533,
      -0.05995011329650879,
      0.019999999552965164
    ],
    [
      -0.14842040836811066,
      0.09636852890253067,
      0.019999999552965164
    ],
    [
      -0.00961951445788145,
      -0.0590902715921402,
      0.019999999552965164
    ],
    [
      -0.0735391229391098,
      -0.016477108001708984,
      0.019999999552965164
    ]
  ],
  "target_positions": [
    [
      0.037528641521930695,
      0.11916413903236389,
      0.019999999552965164
    ],
    [
      0.037528641521930695,
      0.15916414558887482,
      0.019999999552965164
    ],
    [
      0.037528641521930695,
      0.19916413724422455,
      0.019999999552965164
    ],
    [
      0.07752864062786102,
      0.19916413724422455,
      0.019999999552965164
    ]
  ],
  "observation_dimension": 55,
  "action_dimension": 4
}