{
  "experiment_id": "dynamic-obstacle-smoothness-ablation-seed-11",
  "control_period_seconds": 0.04,
  "variants": {
    "waypoint_baseline": {
      "delta_u_weight": 0.5,
      "jerk_weight": 0.0,
      "reached_goal": true,
      "collision": false,
      "minimum_true_clearance": 0.0008653626567990957,
      "final_goal_distance": 0.04833984526956098,
      "mean_solve_time": 0.008284684969112277,
      "max_solve_time": 0.016717005986720324,
      "smoothness": {
        "path_length": 0.6145041808505773,
        "mean_curvature": 25.73575966831854,
        "max_curvature": 134.8084705357519,
        "acceleration_rms": 1.7600059164790645,
        "jerk_rms": 46.049082169701435,
        "jerk_max": 213.62213325241362
      },
      "command_jerk_rms": 45.86823052399438,
      "command_jerk_max": 116.54474060910479
    },
    "spline_du_0.5": {
      "delta_u_weight": 0.5,
      "jerk_weight": 0.0,
      "reached_goal": true,
      "collision": false,
      "minimum_true_clearance": 0.023999066073720488,
      "final_goal_distance": 0.049888800906515596,
      "mean_solve_time": 0.006547556621679927,
      "max_solve_time": 0.008940008003264666,
      "smoothness": {
        "path_length": 0.66361360739287,
        "mean_curvature": 5.967364643961327,
        "max_curvature": 7.625077303185008,
        "acceleration_rms": 1.531400327514233,
        "jerk_rms": 6.72480763395163,
        "jerk_max": 12.984913530228837
      },
      "command_jerk_rms": 2.7020660427947236,
      "command_jerk_max": 10.12910415490867
    },
    "spline_du_1": {
      "delta_u_weight": 1.0,
      "jerk_weight": 0.0,
      "reached_goal": true,
      "collision": false,
      "minimum_true_clearance": 0.02660321114318262,
      "final_goal_distance": 0.04297155933990036,
      "mean_solve_time": 0.0065799079735630326,
      "max_solve_time": 0.008909720985684544,
      "smoothness": {
        "path_length": 0.6785700064949818,
        "mean_curvature": 5.886072225296675,
        "max_curvature": 7.620006642451906,
        "acceleration_rms": 1.5053513283428575,
        "jerk_rms": 6.6702050535202675,
        "jerk_max": 12.067513925657643
      },
      "command_jerk_rms": 2.5303424691058436,
      "command_jerk_max": 10.443765954003958
    },
    "spline_du_2": {
      "delta_u_weight": 2.0,
      "jerk_weight": 0.0,
      "reached_goal": true,
      "collision": false,
      "minimum_true_clearance": 0.03026555158213523,
      "final_goal_distance": 0.043939922965818494,
      "mean_solve_time": 0.006411793169617239,
      "max_solve_time": 0.009131426981184632,
      "smoothness": {
        "path_length": 0.6904348440177093,
        "mean_curvature": 5.790090432802932,
        "max_curvature": 7.426831171885888,
        "acceleration_rms": 1.4826799980563041,
        "jerk_rms": 6.626814959291828,
        "jerk_max": 14.019901882786504
      },
      "command_jerk_rms": 2.3028685583079205,
      "command_jerk_max": 9.441125520281997
    },
    "spline_du_5": {
      "delta_u_weight": 5.0,
      "jerk_weight": 0.0,
      "reached_goal": true,
      "collision": false,
      "minimum_true_clearance": 0.03663468434910913,
      "final_goal_distance": 0.03282370717459375,
      "mean_solve_time": 0.006369035668635311,
      "max_solve_time": 0.008927164017222822,
      "smoothness": {
        "path_length": 0.728150065389952,
        "mean_curvature": 5.562920165574702,
        "max_curvature": 7.163154099431607,
        "acceleration_rms": 1.4016575142816288,
        "jerk_rms": 5.952745548038353,
        "jerk_max": 12.729572037280096
      },
      "command_jerk_rms": 1.7061795799144368,
      "command_jerk_max": 6.40478168795732
    },
    "spline_du_5_jerk_5": {
      "delta_u_weight": 5.0,
      "jerk_weight": 5.0,
      "reached_goal": true,
      "collision": false,
      "minimum_true_clearance": 0.04142571605273343,
      "final_goal_distance": 0.041469531160792945,
      "mean_solve_time": 0.007803489752404857,
      "max_solve_time": 0.014550973020959646,
      "smoothness": {
        "path_length": 0.7435554644027198,
        "mean_curvature": 5.381427235419794,
        "max_curvature": 7.108167359010899,
        "acceleration_rms": 1.4267299130949513,
        "jerk_rms": 6.188592715759919,
        "jerk_max": 13.796867704806443
      },
      "command_jerk_rms": 1.5618506274429327,
      "command_jerk_max": 4.427724474762394
    }
  },
  "selected_mpc_variant": "spline_du_5",
  "jerk_rms_reduction_vs_waypoint_baseline": 0.8707304192057266,
  "jerk_variant": "spline_du_5_jerk_5",
  "jerk_variant_improves_raw_jerk_rms": false,
  "ruckig_required": false,
  "ruckig_integrated": false,
  "ruckig_decision_rule": "integrate only if safe real-time MPC fails to reduce raw jerk RMS by 25% and maximum raw jerk does not improve",
  "safety_metric_source": "raw simulated positions; never visual spline"
}